Ano,Município,Salário,SaldoMov
2007,110020,513380,2436
2007,120040,-105038,-219
2007,130260,4172492,21322
2007,140010,551247,1284
2007,150080,648108,2505
2007,150140,-1644741,7167
2007,150420,1158704,2560
2007,150553,1496950,2329
2007,150810,2540944,3397
2007,160030,292186,1369
2007,172100,369318,1775
2007,210530,488060,1767
2007,211130,5179152,10417
2007,221100,1192321,5094
2007,230370,-2107827,-2123
2007,230440,2247781,24032
2007,230765,-17367,2120
2007,240800,1504497,2586
2007,240810,2345263,11402
2007,250400,616394,2706
2007,250750,848771,5164
2007,260290,-943290,278
2007,260410,1329440,3724
2007,260720,634048,2439
2007,260790,1352365,4400
2007,260960,1142306,3546
2007,261110,62183,2390
2007,261160,5414641,18841
2007,270430,-2051038,712
2007,280030,-1027647,3495
2007,290570,-1563349,3360
2007,291080,1202203,3964
2007,291920,1716307,5789
2007,292740,1220880,19004
2007,292920,-403086,37
2007,293070,187812,1118
2007,293330,-617043,1299
2007,310400,618255,882
2007,310620,11098046,55471
2007,310670,4847585,10166
2007,311860,-5541093,3142
2007,312230,-62212,1637
2007,312510,93398,336
2007,312770,-428929,882
2007,313130,772084,4256
2007,313170,594938,1636
2007,313670,518631,4778
2007,314330,-313430,2608
2007,314480,2333605,3586
2007,314610,279643,705
2007,315180,-120407,1669
2007,315250,-68095,1826
2007,316720,516394,2518
2007,317010,-690969,659
2007,317020,442169,8825
2007,317070,516789,1573
2007,320060,-1571964,578
2007,320120,-12751215,599
2007,320130,227062,2797
2007,320320,-1194503,1366
2007,320430,-1506,19
2007,320500,-5207922,1559
2007,320520,-772895,4217
2007,320530,-1612731,7992
2007,330010,-947628,776
2007,330040,-1274163,315
2007,330045,18540,620
2007,330070,263958,1794
2007,330100,-4066056,-2590
2007,330170,2641099,9393
2007,330200,720840,1129
2007,330240,2828801,6796
2007,330270,281652,512
2007,330330,-3560994,4038
2007,330340,55210,1316
2007,330350,1752466,4840
2007,330390,119562,1991
2007,330415,-81362,-74
2007,330420,286098,1797
2007,330452,250934,517
2007,330455,16380021,84186
2007,330490,328244,3552
2007,330500,21137,164
2007,330510,236361,1829
2007,330580,2400202,1917
2007,330630,-1934537,2497
2007,350160,271452,3454
2007,350280,97232,1433
2007,350320,1659943,5463
2007,350330,1321854,2557
2007,350410,930660,1817
2007,350570,6028801,17033
2007,350600,2069569,5706
2007,350760,695291,1684
2007,350920,-808819,55
2007,350950,3157116,17272
2007,351060,1208325,2972
2007,351300,2358439,4945
2007,351350,-1107063,1037
2007,351380,876553,5585
2007,351500,2213898,4106
2007,351620,-1175900,1700
2007,351840,-833378,642
2007,351870,330701,1757
2007,351880,2356946,16150
2007,351907,2498372,2361
2007,352050,5155184,5326
2007,352250,773038,1584
2007,352310,100908,1729
2007,352340,323199,1653
2007,352390,2566871,3642
2007,352440,-111592,1546
2007,352470,-1386379,2954
2007,352590,3816788,11379
2007,352690,354770,3411
2007,352730,869117,1322
2007,352900,262280,1725
2007,352940,-354164,1975
2007,353060,2706057,6157
2007,353070,-347259,1566
2007,353080,251128,1323
2007,353440,1547294,9659
2007,353650,826377,2008
2007,353800,1180687,1902
2007,353870,2792607,8005
2007,353980,2500827,2703
2007,354100,139765,1015
2007,354140,-1230280,1831
2007,354340,1888777,9870
2007,354390,1256932,4459
2007,354520,63984,1095
2007,354580,251372,1507
2007,354730,1503984,2030
2007,354780,4872888,10804
2007,354850,-1461734,4887
2007,354870,2490636,14327
2007,354880,1068548,2288
2007,354890,437285,2616
2007,354980,-354753,5985
2007,354990,6568040,14932
2007,355030,99623277,234450
2007,355070,-208826,426
2007,355100,-196129,2153
2007,355170,4327399,5312
2007,355220,3081007,8614
2007,355240,2706209,3213
2007,355250,-292236,1327
2007,355280,1396595,4402
2007,355410,1056068,3529
2007,355620,741407,1339
2007,355670,418508,1619
2007,410180,169806,1512
2007,410480,544276,4453
2007,410690,128529,30572
2007,410830,-904823,1352
2007,410940,-283754,703
2007,411370,-709807,5991
2007,411520,134825,5907
2007,411820,187995,1064
2007,411915,1837640,3311
2007,411990,1495366,4019
2007,412550,788507,5875
2007,412770,-1040501,1930
2007,420240,-1242978,5025
2007,420290,88603,2285
2007,420420,1640451,5577
2007,420460,-473343,1237
2007,420540,1606141,8205
2007,420820,-1143175,3399
2007,420890,1445913,6041
2007,420910,-583757,10317
2007,420930,-331424,426
2007,421660,1939091,6248
2007,430210,212804,2330
2007,430310,-262203,1247
2007,430460,-381898,2948
2007,430510,2848055,11670
2007,430920,652376,3948
2007,430930,-21979,581
2007,431340,-1696932,2196
2007,431410,512334,2513
2007,431440,-381287,2671
2007,431490,-2102655,19983
2007,431560,184538,1487
2007,431680,-2095636,-626
2007,431690,-463800,1434
2007,431870,5228,1642
2007,432200,98084,594
2007,500270,176056,5886
2007,500370,-747957,1078
2007,500830,1841432,3993
2007,510340,1407670,6339
2007,510760,-370914,1441
2007,510840,877184,2929
2007,520110,-274280,3090
2007,520140,146210,4111
2007,520510,1655587,2729
2007,520870,-3995081,10609
2007,521880,153826,2742
2007,530010,-10776288,16364
2008,110020,1581201,3896
2008,120040,-1270326,132
2008,130260,-6045860,9673
2008,140010,-250859,449
2008,150080,-1104371,454
2008,150140,-599048,8684
2008,150420,-1180109,-520
2008,150553,3028799,4199
2008,150810,121899,479
2008,160030,-679879,1997
2008,172100,822415,1975
2008,210530,236339,1962
2008,211130,6044840,12670
2008,221100,3338522,9032
2008,230370,744619,1384
2008,230440,7803421,30012
2008,230765,-289196,1695
2008,240800,856707,2318
2008,240810,3645108,11293
2008,250400,567513,2072
2008,250750,887931,4605
2008,260290,1968702,2593
2008,260410,1306980,2715
2008,260720,2185375,2862
2008,260790,2268250,5384
2008,260960,111890,1714
2008,261110,388177,2144
2008,261160,7422608,24087
2008,270430,-943370,2241
2008,280030,1423927,6076
2008,290570,-7961637,-1792
2008,291080,1083603,4067
2008,291920,-1646131,-1408
2008,292740,2082455,23492
2008,292920,142023,616
2008,293070,-1005519,32
2008,293330,-823457,763
2008,310400,342047,913
2008,310620,10080922,47320
2008,310670,-2635890,2202
2008,311860,-3540222,5145
2008,312230,-452542,1108
2008,312510,299274,686
2008,312770,-1212725,242
2008,313130,1126886,4280
2008,313170,-270164,250
2008,313670,635685,5363
2008,314330,-305059,2082
2008,314480,-144181,1501
2008,314610,-750544,-213
2008,315180,193995,2267
2008,315250,564904,1376
2008,316720,-255991,1607
2008,317010,-454773,1750
2008,317020,-348416,9312
2008,317070,-873838,-46
2008,320060,-1848671,-557
2008,320120,-907230,1142
2008,320130,-987328,1560
2008,320320,-1614313,215
2008,320430,2395,14
2008,320500,-128562,5814
2008,320520,2176107,6010
2008,320530,-484947,7823
2008,330010,-681557,591
2008,330040,84122,1886
2008,330045,57400,446
2008,330070,-488612,532
2008,330100,-66121,1989
2008,330170,-149521,9857
2008,330200,3462617,1887
2008,330240,1907709,10013
2008,330270,-17074,211
2008,330330,3293339,9253
2008,330340,579981,2429
2008,330350,-973867,1763
2008,330390,768023,2874
2008,330415,-15678,25
2008,330420,1886319,2323
2008,330452,927313,1393
2008,330455,26806036,84147
2008,330490,-326331,2656
2008,330500,358659,728
2008,330510,45708,1623
2008,330580,-308970,991
2008,330630,-1898692,2911
2008,350160,-1118707,2214
2008,350280,-658284,1486
2008,350320,-481537,1951
2008,350330,785115,2039
2008,350410,599050,2000
2008,350570,1578039,7049
2008,350600,1647304,5170
2008,350760,-103327,1071
2008,350920,-2875825,-1228
2008,350950,194996,14290
2008,351060,1052301,2661
2008,351300,686000,3839
2008,351350,-2566096,496
2008,351380,-2632151,2045
2008,351500,1214201,2058
2008,351620,-2113353,-329
2008,351840,-870037,502
2008,351870,-254158,1690
2008,351880,-2364244,10358
2008,351907,80945,1556
2008,352050,55921,2079
2008,352250,540116,1215
2008,352310,-836192,309
2008,352340,-192450,1413
2008,352390,1843069,3545
2008,352440,-1502081,1384
2008,352470,-1223583,422
2008,352590,-2592529,7727
2008,352690,-681415,2011
2008,352730,428247,1014
2008,352900,704116,2670
2008,352940,-95666,2334
2008,353060,1953685,5521
2008,353070,-855766,1081
2008,353080,-250388,1145
2008,353440,-427838,5563
2008,353650,-14780,1730
2008,353800,949141,1521
2008,353870,2153739,5929
2008,353980,3191217,5420
2008,354100,498245,1322
2008,354140,197658,3233
2008,354340,2610244,10470
2008,354390,-1688759,790
2008,354520,-75764,816
2008,354580,-522414,2135
2008,354730,1552747,2942
2008,354780,-161546,7308
2008,354850,-234112,6735
2008,354870,-974069,11351
2008,354880,163230,3157
2008,354890,-1350457,507
2008,354980,502723,6758
2008,354990,2334166,13674
2008,355030,98905166,232624
2008,355070,-358797,243
2008,355100,-1743067,915
2008,355170,-615068,977
2008,355220,3025063,9808
2008,355240,1370411,2194
2008,355250,-713070,809
2008,355280,470113,2673
2008,355410,1248325,3422
2008,355620,579931,1491
2008,355670,-263149,998
2008,410180,1481669,3170
2008,410480,-1051427,2861
2008,410690,-1835937,28212
2008,410830,293797,1935
2008,410940,-527883,691
2008,411370,-1284788,8225
2008,411520,822295,8657
2008,411820,-999237,-336
2008,411915,-405487,1163
2008,411990,602657,3048
2008,412550,-1173167,5049
2008,412770,-715497,2139
2008,420240,-3599072,3388
2008,420290,-404634,1665
2008,420420,802861,4606
2008,420460,51827,2188
2008,420540,-2557063,5412
2008,420820,-2336919,1460
2008,420890,513870,4119
2008,420910,-3941944,7375
2008,420930,-475906,602
2008,421660,2728051,7668
2008,430210,97711,1837
2008,430310,929241,2411
2008,430460,-1308698,2322
2008,430510,-1193325,7860
2008,430920,-644659,1266
2008,430930,-2371124,-1944
2008,431340,-2896911,187
2008,431410,339178,2949
2008,431440,-2820352,1342
2008,431490,-643494,24133
2008,431560,-796442,873
2008,431680,-1306745,656
2008,431690,-475510,2134
2008,431870,-395163,2296
2008,432200,-2776894,-902
2008,500270,2415071,9059
2008,500370,425044,2243
2008,500830,-262628,-867
2008,510340,2364236,8022
2008,510760,-971607,718
2008,510840,-349474,1434
2008,520110,-356246,3622
2008,520140,765932,6951
2008,520510,926762,2087
2008,520870,-3636813,17656
2008,521880,-1251217,456
2008,530010,4603529,26245
2009,110020,18984258,20743
2009,120040,1156905,1481
2009,130260,-17438951,-159
2009,140010,320233,1115
2009,150080,-1051020,697
2009,150140,-5444878,7002
2009,150420,-413640,2095
2009,150553,-2531950,207
2009,150810,-2348324,-2158
2009,160030,-799478,766
2009,172100,133498,1830
2009,210530,-1020461,-547
2009,211130,-16829871,-7561
2009,221100,3810699,9640
2009,230370,16570,554
2009,230440,13072814,35391
2009,230765,887212,3494
2009,240800,-787769,372
2009,240810,-2319776,2759
2009,250400,380605,1342
2009,250750,1626772,6406
2009,260290,-950069,-555
2009,260410,592591,2152
2009,260720,4636577,4792
2009,260790,114073,3148
2009,260960,468654,2876
2009,261110,-1075355,827
2009,261160,641196,20275
2009,270430,1991042,7482
2009,280030,2369950,6020
2009,290570,-5403710,253
2009,291080,2767119,6908
2009,291920,3117368,5822
2009,292740,2268046,32786
2009,292920,203459,1853
2009,293070,-1480893,456
2009,293330,-196791,1791
2009,310400,-1248772,-388
2009,310620,-12757027,34270
2009,310670,-5253018,1744
2009,311860,-5870495,3874
2009,312230,-599552,1273
2009,312510,629700,1181
2009,312770,-1395469,18
2009,313130,-515193,2985
2009,313170,-512209,206
2009,313670,-814936,2826
2009,314330,110657,2514
2009,314480,-1522083,446
2009,314610,-1177175,-657
2009,315180,-1850508,29
2009,315250,264377,1657
2009,316720,-148160,1613
2009,317010,-122356,2611
2009,317020,-1873990,6650
2009,317070,-432460,1163
2009,320060,21905,2556
2009,320120,-1688795,646
2009,320130,-435959,1880
2009,320320,-96059,1604
2009,320430,9932,19
2009,320500,-4848014,2518
2009,320520,-5606833,1820
2009,320530,-8622706,1797
2009,330010,1089765,1620
2009,330040,-1078419,590
2009,330045,23386,547
2009,330070,116826,1185
2009,330100,-2763432,-183
2009,330170,-4298591,8332
2009,330200,-585898,-215
2009,330240,-8024380,-87
2009,330270,99079,298
2009,330330,-2738591,3866
2009,330340,-468075,984
2009,330350,-643629,1583
2009,330390,7566,2150
2009,330415,-71475,-90
2009,330420,-1610351,-625
2009,330452,-467467,726
2009,330455,-50489098,51540
2009,330490,-1137108,1684
2009,330500,-130498,239
2009,330510,412221,2149
2009,330580,191203,1748
2009,330630,-3159653,2012
2009,350160,-2000600,1168
2009,350280,324529,1900
2009,350320,-576492,4123
2009,350330,-851333,516
2009,350410,459657,1517
2009,350570,-7753966,7522
2009,350600,-1570954,2190
2009,350760,-477715,926
2009,350920,-2878372,275
2009,350950,-18249121,5268
2009,351060,644529,1542
2009,351300,-586854,2025
2009,351350,-2097667,1535
2009,351380,-9016178,-1282
2009,351500,95403,2071
2009,351620,674890,2563
2009,351840,716507,922
2009,351870,-2116699,677
2009,351880,-13284614,4100
2009,351907,-119533,1654
2009,352050,-2047466,1398
2009,352250,-560314,643
2009,352310,-887117,516
2009,352340,805728,2085
2009,352390,-493028,1953
2009,352440,-2425454,1049
2009,352470,-7339857,-921
2009,352590,-8948855,1364
2009,352690,-2173081,1129
2009,352730,-1080729,-77
2009,352900,-763023,1760
2009,352940,-2793403,715
2009,353060,-3402988,-168
2009,353070,-4192042,50
2009,353080,-26548,1265
2009,353440,-7523094,838
2009,353650,-434314,2608
2009,353800,-1837943,-159
2009,353870,-7397165,-409
2009,353980,-650721,189
2009,354100,599601,1198
2009,354140,-578456,1962
2009,354340,-1129871,8873
2009,354390,-572422,1480
2009,354520,-784584,183
2009,354580,-1466913,638
2009,354730,-573836,1688
2009,354780,-4726338,2973
2009,354850,-4830838,1756
2009,354870,-25136189,-1066
2009,354880,-7604809,-375
2009,354890,-1171172,885
2009,354980,-1465750,4965
2009,354990,-11332699,2912
2009,355030,-95991251,131113
2009,355070,-177603,400
2009,355100,-717804,722
2009,355170,-6058849,-2442
2009,355220,-13331004,-217
2009,355240,-3069134,801
2009,355250,-2394383,-399
2009,355280,-1017338,696
2009,355410,-424141,2044
2009,355620,-207024,2085
2009,355670,-2324349,837
2009,410180,6922956,5614
2009,410480,-511804,3211
2009,410690,-19266333,18897
2009,410830,-47132,1770
2009,410940,-323936,533
2009,411370,-4060893,5191
2009,411520,-2271761,4202
2009,411820,44792,857
2009,411915,-5403157,-3536
2009,411990,-679201,1322
2009,412550,-6675279,2409
2009,412770,-1632632,-965
2009,420240,-6097103,3274
2009,420290,-992355,1187
2009,420420,-1541816,746
2009,420460,-1202627,1809
2009,420540,-379962,7608
2009,420820,-6324268,-621
2009,420890,-4618061,-524
2009,420910,-7841882,4906
2009,420930,-1022888,232
2009,421660,-229932,4320
2009,430210,-90897,1357
2009,430310,-1148393,1331
2009,430460,-3591739,1282
2009,430510,-8952670,415
2009,430920,-3758512,-941
2009,430930,-114798,463
2009,431340,-1524091,1865
2009,431410,-341315,2349
2009,431440,-2020250,1645
2009,431490,-12541813,19054
2009,431560,-814487,639
2009,431680,-617232,2076
2009,431690,-1374368,772
2009,431870,-972944,1405
2009,432200,87698,720
2009,500270,-2821676,5006
2009,500370,2411520,2905
2009,500830,-1408205,-103
2009,510340,-4911153,674
2009,510760,-2010996,287
2009,510840,-1905105,-391
2009,520110,-2594825,2642
2009,520140,-210785,5708
2009,520510,-1319667,-326
2009,520870,-5609165,13538
2009,521880,-2394392,-750
2009,530010,-19019463,17422
2010,110020,16568221,18325
2010,120040,297350,1550
2010,130260,2252595,19500
2010,140010,1408284,2336
2010,150080,353996,2778
2010,150140,1687439,12552
2010,150420,-1446192,1247
2010,150553,211607,3550
2010,150810,-1546917,-1279
2010,160030,-499938,1340
2010,172100,655110,3268
2010,210530,197264,1426
2010,211130,13435045,20582
2010,221100,4272965,11363
2010,230370,1238214,1988
2010,230440,22000332,48466
2010,230765,1589988,3277
2010,240800,2133088,5104
2010,240810,5356551,15386
2010,250400,2116795,4622
2010,250750,3470210,9353
2010,260290,2672344,3268
2010,260410,1609832,4074
2010,260720,20416671,15842
2010,260790,1342418,4027
2010,260960,500918,2567
2010,261110,512849,2319
2010,261160,19116937,39218
2010,270430,-360024,5475
2010,280030,5722008,8214
2010,290570,5395300,9144
2010,291080,3188616,8022
2010,291920,1718239,4479
2010,292740,-4352132,26966
2010,292920,2545864,2944
2010,293070,1137936,3048
2010,293330,1775845,4107
2010,310400,911300,1780
2010,310620,19048400,70364
2010,310670,3768246,9459
2010,311860,3697340,12442
2010,312230,1149418,3216
2010,312510,568078,1184
2010,312770,16156,1583
2010,313130,6701601,8346
2010,313170,2653039,3714
2010,313670,2151445,5897
2010,314330,1733126,4355
2010,314480,2804452,3309
2010,314610,879687,1158
2010,315180,1496389,2961
2010,315250,1731102,3234
2010,316720,1920723,3861
2010,317010,2612834,5855
2010,317020,3323645,13783
2010,317070,-402001,739
2010,320060,-60796,1944
2010,320120,-95772,2249
2010,320130,1058031,3025
2010,320320,-589774,1482
2010,320430,29630,58
2010,320500,-1248232,6374
2010,320520,-956166,4264
2010,320530,2075844,8631
2010,330010,2717432,3377
2010,330040,512050,1529
2010,330045,1078074,1622
2010,330070,390693,870
2010,330100,1613521,3239
2010,330170,-6986605,10503
2010,330200,3481155,3720
2010,330240,2297715,7807
2010,330270,433807,759
2010,330330,-4551125,4798
2010,330340,775936,2138
2010,330350,1804193,4832
2010,330390,837342,2795
2010,330415,339963,395
2010,330420,1519173,2062
2010,330452,239016,1330
2010,330455,40700500,106476
2010,330490,977798,4596
2010,330500,-279836,257
2010,330510,2325501,4562
2010,330580,196960,1060
2010,330630,-57920,2733
2010,350160,-419196,3415
2010,350280,1657373,2494
2010,350320,-2096798,1772
2010,350330,1301022,2251
2010,350410,1655503,2532
2010,350570,5766111,14950
2010,350600,7614470,12322
2010,350760,1846544,2574
2010,350920,660826,458
2010,350950,7740473,20295
2010,351060,2030795,2710
2010,351300,2224770,5454
2010,351350,114258,1690
2010,351380,3359221,7095
2010,351500,1016410,3075
2010,351620,4505634,7143
2010,351840,155610,897
2010,351870,918602,2174
2010,351880,11052486,22022
2010,351907,3939538,4065
2010,352050,1991742,4309
2010,352250,1126411,2333
2010,352310,1159150,2390
2010,352340,1412831,2441
2010,352390,-75449,3923
2010,352440,-70942,1766
2010,352470,-830244,2420
2010,352590,3319750,11070
2010,352690,3277961,5344
2010,352730,2108902,2809
2010,352900,-70056,2313
2010,352940,2629561,4487
2010,353060,1105839,5036
2010,353070,165003,1734
2010,353080,331822,1432
2010,353440,5881410,12792
2010,353650,-222832,1862
2010,353800,437364,1593
2010,353870,1504098,5979
2010,353980,496998,1472
2010,354100,1336503,1987
2010,354140,-235262,2234
2010,354340,5305157,12869
2010,354390,1764462,3479
2010,354520,958760,1914
2010,354580,2977342,3691
2010,354730,1422891,3210
2010,354780,7791299,12505
2010,354850,4146857,8844
2010,354870,3140730,15648
2010,354880,4435610,7414
2010,354890,27500,1466
2010,354980,2650485,7881
2010,354990,-6257633,4333
2010,355030,121004950,239327
2010,355070,-95524,659
2010,355100,974172,1460
2010,355170,809790,2567
2010,355220,7892643,13650
2010,355240,2065911,3464
2010,355250,1283617,3175
2010,355280,1736692,3750
2010,355410,2691526,3818
2010,355620,1341211,2049
2010,355670,1207951,2420
2010,410180,9869248,7784
2010,410480,1507988,6289
2010,410690,10394239,39139
2010,410830,1134097,3642
2010,410940,996977,1998
2010,411370,605474,11157
2010,411520,891434,8094
2010,411820,-212289,1140
2010,411915,2834407,4307
2010,411990,2244868,4526
2010,412550,-6693625,3559
2010,412770,1045238,2340
2010,420240,-2155005,7223
2010,420290,405260,2588
2010,420420,1554789,4420
2010,420460,1205718,4166
2010,420540,1496943,7921
2010,420820,84793,3004
2010,420890,19311,4151
2010,420910,-1168498,10455
2010,420930,270249,1805
2010,421660,-2428322,2729
2010,430210,1196286,2853
2010,430310,1878313,4114
2010,430460,3945888,7628
2010,430510,3693181,12999
2010,430920,657671,3237
2010,430930,-570530,329
2010,431340,1508932,5987
2010,431410,576290,2946
2010,431440,788907,3301
2010,431490,4197604,28760
2010,431560,875067,2309
2010,431680,-671904,2530
2010,431690,854615,3368
2010,431870,2862311,6212
2010,432200,-2386996,-570
2010,500270,752874,7705
2010,500370,2034753,3248
2010,500830,1711724,2928
2010,510340,215758,6856
2010,510760,-875280,1217
2010,510840,-938909,980
2010,520110,1769410,5942
2010,520140,-2900973,4088
2010,520510,-790114,131
2010,520870,-1368496,24790
2010,521880,-408263,3071
2010,530010,-1117701,25017
2011,110020,-5046896,1176
2011,120040,-1344690,3
2011,130260,13920103,30388
2011,140010,5614,939
2011,150080,2409405,4568
2011,150140,503677,8487
2011,150420,-2584921,625
2011,150553,2614629,4178
2011,150810,-847658,-282
2011,160030,1000909,3591
2011,172100,830590,2193
2011,210530,491593,2145
2011,211130,5522668,8280
2011,221100,-882939,2822
2011,230370,-1098213,-637
2011,230440,12600719,33308
2011,230765,-734402,1082
2011,240800,693957,2784
2011,240810,-3513386,1309
2011,250400,478220,2640
2011,250750,1515870,6113
2011,260290,1574558,1819
2011,260410,576482,2444
2011,260720,9456969,7991
2011,260790,4312103,6045
2011,260960,-3271,1863
2011,261110,1040878,3266
2011,261160,13894520,32563
2011,270430,-1523995,5117
2011,280030,3125343,6306
2011,290570,752953,3676
2011,291080,-1175657,2148
2011,291920,1382603,4931
2011,292740,-4741077,18176
2011,292920,-8238669,-1572
2011,293070,-1074161,495
2011,293330,-1081944,538
2011,310400,959847,1452
2011,310620,7810094,45834
2011,310670,-213692,5291
2011,311860,-1829984,7755
2011,312230,300341,2463
2011,312510,4445,698
2011,312770,28503,1712
2011,313130,-8140700,-2492
2011,313170,3763814,3956
2011,313670,2500885,5778
2011,314330,1600328,4651
2011,314480,2978196,4801
2011,314610,1561465,1940
2011,315180,-818877,2908
2011,315250,1395809,2832
2011,316720,57797,2364
2011,317010,-3760559,564
2011,317020,4755035,9920
2011,317070,-290594,1072
2011,320060,-3587565,-619
2011,320120,446495,2812
2011,320130,-87693,1779
2011,320320,381231,1552
2011,320430,66924,105
2011,320500,-2566486,5863
2011,320520,1550070,5570
2011,320530,3655503,7386
2011,330010,-451252,1310
2011,330040,-211263,1479
2011,330045,572559,1041
2011,330070,151872,643
2011,330100,1067101,3508
2011,330170,-7959827,4210
2011,330200,7180665,6337
2011,330240,8646760,11507
2011,330270,118718,342
2011,330330,1673461,6505
2011,330340,-303971,394
2011,330350,-290878,2470
2011,330390,-323998,2195
2011,330415,-38949,-17
2011,330420,891582,1659
2011,330452,429021,1128
2011,330455,39997345,84684
2011,330490,2303173,4769
2011,330500,1141168,1075
2011,330510,-262097,1838
2011,330580,-20738,1021
2011,330630,2704098,4509
2011,350160,-4906386,-1359
2011,350280,-601921,994
2011,350320,1564703,4537
2011,350330,644164,2146
2011,350410,1203673,2250
2011,350570,-8746918,8650
2011,350600,1172868,6496
2011,350760,285515,1438
2011,350920,-171437,1546
2011,350950,6479705,16352
2011,351060,1177911,1942
2011,351300,-1064279,2932
2011,351350,-727081,526
2011,351380,-3916329,1149
2011,351500,1110403,2626
2011,351620,786684,1828
2011,351840,-259876,232
2011,351870,-51821,1422
2011,351880,-838743,12504
2011,351907,1665876,2883
2011,352050,-407246,2012
2011,352250,3074265,4120
2011,352310,-615141,684
2011,352340,839106,1493
2011,352390,-1805653,1534
2011,352440,-151601,2102
2011,352470,-176546,1512
2011,352590,-835168,7997
2011,352690,656706,2908
2011,352730,604910,1193
2011,352900,-2783801,119
2011,352940,-3312934,809
2011,353060,-727840,3539
2011,353070,-1493408,304
2011,353080,1529383,820
2011,353440,-3148153,3835
2011,353650,1654853,1909
2011,353800,948574,1373
2011,353870,3878701,6638
2011,353980,570650,376
2011,354100,1096849,1972
2011,354140,-238999,1659
2011,354340,4028460,11155
2011,354390,1104702,2803
2011,354520,-163032,1370
2011,354580,-852995,480
2011,354730,839579,3068
2011,354780,-1676748,6756
2011,354850,6418253,13271
2011,354870,2943051,8600
2011,354880,-267230,3991
2011,354890,1486142,2932
2011,354980,758085,4914
2011,354990,-11013421,-120
2011,355030,76612836,181241
2011,355070,-769474,-70
2011,355100,263197,844
2011,355170,177008,1671
2011,355220,5684105,8127
2011,355240,-1570235,1229
2011,355250,516447,1862
2011,355280,-552671,933
2011,355410,874414,3271
2011,355620,120934,1280
2011,355670,-775142,1196
2011,410180,-6744109,-531
2011,410480,961708,5332
2011,410690,3099432,31198
2011,410830,894026,3162
2011,410940,-131452,874
2011,411370,-1535532,4926
2011,411520,935718,6391
2011,411820,780726,1672
2011,411915,117792,1472
2011,411990,2676258,4830
2011,412550,-1927711,6185
2011,412770,891130,2290
2011,420240,-5753094,2928
2011,420290,-1810604,821
2011,420420,1800839,4347
2011,420460,-2165762,2503
2011,420540,273250,7959
2011,420820,422768,3742
2011,420890,-2556404,1257
2011,420910,-2959508,8512
2011,420930,-1454305,-55
2011,421660,2111799,6370
2011,430210,695774,2162
2011,430310,-281501,1627
2011,430460,-1228381,2493
2011,430510,-2956021,7249
2011,430920,741294,2494
2011,430930,931896,1077
2011,431340,-653966,3048
2011,431410,185873,2724
2011,431440,1012932,3392
2011,431490,428669,24796
2011,431560,2980172,2952
2011,431680,-981171,1612
2011,431690,223870,2740
2011,431870,-634961,1392
2011,432200,841403,1177
2011,500270,1432995,8905
2011,500370,-2396130,-360
2011,500830,1223278,1261
2011,510340,-4346925,2565
2011,510760,-1161835,1034
2011,510840,-477250,1289
2011,520110,1733434,5774
2011,520140,-2526489,3680
2011,520510,874937,1620
2011,520870,-4864360,22939
2011,521880,-262665,2363
2011,530010,-12986902,18335
2012,110020,-7596798,-841
2012,120040,-2390638,-984
2012,130260,-21244251,-3151
2012,140010,627714,1682
2012,150080,-1237416,-86
2012,150140,-4088581,3685
2012,150420,-3204294,-961
2012,150553,-691077,2204
2012,150810,-114916,-9
2012,160030,-1048845,1118
2012,172100,-647091,316
2012,210530,2675219,3522
2012,211130,-13700115,-4931
2012,221100,-901652,2993
2012,230370,-242653,568
2012,230440,-2440552,19362
2012,230765,-528415,1798
2012,240800,-413884,1715
2012,240810,-2540397,4620
2012,250400,3183367,5825
2012,250750,1052985,5018
2012,260290,971941,1595
2012,260410,714577,1912
2012,260720,133341,3708
2012,260790,7828380,7111
2012,260960,792216,3010
2012,261110,-1859,2137
2012,261160,-484229,10191
2012,270430,-1207519,2368
2012,280030,2968866,4872
2012,290570,-11453281,-1028
2012,291080,2667476,6874
2012,291920,-2012735,-805
2012,292740,-25380787,5962
2012,292920,-5375155,-1943
2012,293070,-1130633,484
2012,293330,-40468,921
2012,310400,1210806,1587
2012,310620,-27902631,28660
2012,310670,-8974213,-5
2012,311860,-2972829,6212
2012,312230,-718575,1179
2012,312510,1121038,1187
2012,312770,1400307,3975
2012,313130,-8717254,-3190
2012,313170,4825161,4508
2012,313670,2993041,5667
2012,314330,1218292,3362
2012,314480,-4149802,1873
2012,314610,262481,1129
2012,315180,-2977834,1574
2012,315250,626053,1684
2012,316720,17852,2243
2012,317010,-922125,1540
2012,317020,-1250819,7590
2012,317070,-345687,1098
2012,320060,-3814019,420
2012,320120,-508030,1222
2012,320130,1865472,2929
2012,320320,1716239,1955
2012,320430,-6244,-13
2012,320500,-3973002,2595
2012,320520,1570966,4258
2012,320530,-6490634,-573
2012,330010,-2362039,-305
2012,330040,421854,1122
2012,330045,-338280,207
2012,330070,65422,68
2012,330100,-1690619,-370
2012,330170,-5471288,-795
2012,330200,-171670,1140
2012,330240,-3852686,5142
2012,330270,124236,370
2012,330330,114822,4180
2012,330340,168372,556
2012,330350,54968,1784
2012,330390,-1883203,636
2012,330415,-2528,14
2012,330420,-1526318,-513
2012,330452,1949865,1475
2012,330455,18604535,63072
2012,330490,23445,2445
2012,330500,4038224,855
2012,330510,747345,2253
2012,330580,-276032,865
2012,330630,-538203,1479
2012,350160,-4010922,-124
2012,350280,1016507,2951
2012,350320,510007,1431
2012,350330,-1836910,-453
2012,350410,-1445514,-524
2012,350570,-5009868,6123
2012,350600,2155093,5677
2012,350760,-540975,823
2012,350920,-1329300,535
2012,350950,-4319695,9628
2012,351060,-37824,720
2012,351300,-3287704,1402
2012,351350,-11701848,-3865
2012,351380,-8955785,-1776
2012,351500,219785,1096
2012,351620,3086111,4155
2012,351840,640571,852
2012,351870,1449472,1244
2012,351880,-9635681,6473
2012,351907,-2247188,707
2012,352050,-3044320,80
2012,352250,-369232,1032
2012,352310,-837983,301
2012,352340,-1033965,117
2012,352390,-526516,1960
2012,352440,-888287,807
2012,352470,-3950696,61
2012,352590,-3482748,5576
2012,352690,-730005,2522
2012,352730,-1452066,-406
2012,352900,-1405657,1347
2012,352940,-6450356,-1933
2012,353060,-2418438,459
2012,353070,-2551911,-188
2012,353080,264235,-34
2012,353440,-9399307,787
2012,353650,2330181,2927
2012,353800,987622,1685
2012,353870,-371764,2466
2012,353980,1035197,2743
2012,354100,389261,1085
2012,354140,-1045365,1399
2012,354340,1420655,6979
2012,354390,-1635383,1043
2012,354520,-847200,656
2012,354580,-1703616,-300
2012,354730,-2558724,367
2012,354780,2574474,9014
2012,354850,-747510,3881
2012,354870,-18467611,-1498
2012,354880,-4133520,589
2012,354890,-1680537,1122
2012,354980,1423284,5231
2012,354990,-12369404,-975
2012,355030,-66255195,89258
2012,355070,1121627,547
2012,355100,-1710959,-1205
2012,355170,-3208570,-653
2012,355220,-597028,3816
2012,355240,-2245174,269
2012,355250,-444772,1252
2012,355280,-2078285,-379
2012,355410,-951120,1252
2012,355620,-3681244,-759
2012,355670,879487,3063
2012,410180,-22046387,-7780
2012,410480,-406260,3124
2012,410690,-26810043,17765
2012,410830,1341057,3225
2012,410940,281266,1311
2012,411370,-130880,4774
2012,411520,353535,5595
2012,411820,-112776,776
2012,411915,-825147,535
2012,411990,1093278,2780
2012,412550,-1116207,2549
2012,412770,1203318,2162
2012,420240,-9839264,1334
2012,420290,-673781,1233
2012,420420,-1788464,2013
2012,420460,-2046910,1834
2012,420540,-4630536,3330
2012,420820,-373693,2771
2012,420890,-6375159,147
2012,420910,-10839629,2428
2012,420930,-64081,1586
2012,421660,2293598,5801
2012,430210,-266664,1325
2012,430310,-1156592,811
2012,430460,771388,3448
2012,430510,-13155589,393
2012,430920,184427,2121
2012,430930,-969141,438
2012,431340,-3568076,-56
2012,431410,-1058266,1106
2012,431440,35535,820
2012,431490,-6725922,14856
2012,431560,8128732,6742
2012,431680,362896,1951
2012,431690,382737,2099
2012,431870,-1460690,834
2012,432200,-2333087,-873
2012,500270,-696893,4666
2012,500370,2736027,2186
2012,500830,4381738,2446
2012,510340,-2257260,3427
2012,510760,-967134,1324
2012,510840,-739368,749
2012,520110,426685,3658
2012,520140,-5806239,3061
2012,520510,-448843,297
2012,520870,-13403982,14873
2012,521880,-268460,1698
2012,530010,-4344581,9495
2013,110020,-19684097,-8091
2013,120040,-268998,-233
2013,130260,-8752102,13491
2013,140010,-1723652,-1921
2013,150080,-784162,294
2013,150140,-9300305,-1638
2013,150420,-224131,1569
2013,150553,-19474602,-6967
2013,150810,-771237,-110
2013,160030,-1056601,1304
2013,172100,-795217,131
2013,210530,-4695651,-439
2013,211130,-10813202,-917
2013,221100,-1675320,5232
2013,230370,678422,2080
2013,230440,-4745246,20702
2013,230765,1042039,2792
2013,240800,-3437536,523
2013,240810,-4452702,35
2013,250400,-1148113,-743
2013,250750,-714603,3695
2013,260290,-1487586,71
2013,260410,1319411,2607
2013,260720,1518632,-149
2013,260790,-1983787,1671
2013,260960,-2397147,-850
2013,261110,-533145,1082
2013,261160,-14380787,3592
2013,270430,-1681470,1455
2013,280030,6955381,7958
2013,290570,-7186196,375
2013,291080,-191367,3069
2013,291920,-6633067,-2946
2013,292740,-26469187,8026
2013,292920,-2386787,-99
2013,293070,-2878002,-778
2013,293330,1080709,1194
2013,310400,1281669,1169
2013,310620,-76260433,-4478
2013,310670,-6685204,268
2013,311860,-2660470,5378
2013,312230,-2069360,257
2013,312510,1033270,1392
2013,312770,575582,1385
2013,313130,-7048598,-1400
2013,313170,1808328,-1305
2013,313670,-3034111,1669
2013,314330,3125037,3945
2013,314480,-12019144,-2623
2013,314610,16344,220
2013,315180,-1979742,217
2013,315250,1762644,1943
2013,316720,-1227922,925
2013,317010,-132078,2789
2013,317020,-3488348,5007
2013,317070,-346602,741
2013,320060,-2362841,1060
2013,320120,260949,789
2013,320130,-993594,537
2013,320320,-800177,2324
2013,320430,4481,0
2013,320500,-3290313,3832
2013,320520,-1986639,-797
2013,320530,-5835214,-521
2013,330010,-2616399,-496
2013,330040,-2002587,-462
2013,330045,762833,1120
2013,330070,1963692,1100
2013,330100,1602545,2782
2013,330170,-6119852,-1365
2013,330200,-5289434,-1624
2013,330240,-9501408,3965
2013,330270,170184,174
2013,330330,2053569,3331
2013,330340,242975,905
2013,330350,2472578,3736
2013,330390,105750,1271
2013,330415,107111,60
2013,330420,3346758,2655
2013,330452,527824,1487
2013,330455,-79778636,30094
2013,330490,3965729,2830
2013,330500,-3395044,-901
2013,330510,1829074,2292
2013,330580,200623,997
2013,330630,-5475866,-1112
2013,350160,-1146880,2661
2013,350280,-1450275,2427
2013,350320,-1987976,-7
2013,350330,-958176,572
2013,350410,-990603,343
2013,350570,-12605796,2989
2013,350600,-2071349,-147
2013,350760,-434542,680
2013,350920,-3821790,-830
2013,350950,-17078402,3800
2013,351060,841114,1888
2013,351300,-7864502,-2277
2013,351350,-1906043,579
2013,351380,-9187767,-1403
2013,351500,-848371,358
2013,351620,868263,2622
2013,351840,500171,969
2013,351870,-946460,48
2013,351880,1597794,13978
2013,351907,-2964424,221
2013,352050,1610136,2701
2013,352250,-1269814,20
2013,352310,-781371,478
2013,352340,-1777798,-48
2013,352390,-3157262,-132
2013,352440,-2072186,-430
2013,352470,-7264523,-1496
2013,352590,-13004069,719
2013,352690,-1082542,2345
2013,352730,-542719,443
2013,352900,-1526028,1524
2013,352940,-3354740,-413
2013,353060,-3968964,2282
2013,353070,-1629713,-578
2013,353080,704778,852
2013,353440,-7293044,3580
2013,353650,-17730598,-4190
2013,353800,-660271,987
2013,353870,-966882,2654
2013,353980,-2115469,-53
2013,354100,-434058,-93
2013,354140,-879356,694
2013,354340,397266,7033
2013,354390,-1449543,721
2013,354520,-640439,948
2013,354580,1687521,2230
2013,354730,-45835,2039
2013,354780,2933209,5629
2013,354850,-1911394,1104
2013,354870,-19628266,2853
2013,354880,-12772654,-1556
2013,354890,-275794,1875
2013,354980,-2550463,2116
2013,354990,-11579296,-1223
2013,355030,-191877078,54555
2013,355070,376847,177
2013,355100,-1127953,-334
2013,355170,-337819,1973
2013,355220,2274980,7841
2013,355240,-2615733,1253
2013,355250,-1668914,952
2013,355280,-468567,1057
2013,355410,-4725847,-320
2013,355620,-2581400,216
2013,355670,-2626721,942
2013,410180,-4800380,-998
2013,410480,-910561,3447
2013,410690,-40638742,8977
2013,410830,861628,2036
2013,410940,1146044,2316
2013,411370,-1181392,4392
2013,411520,893239,6637
2013,411820,-428122,1240
2013,411915,-1320743,436
2013,411990,737293,1705
2013,412550,-4067857,1390
2013,412770,237685,1360
2013,420240,-8430905,2470
2013,420290,-107734,1825
2013,420420,-356526,2751
2013,420460,-303875,2350
2013,420540,-6124487,6866
2013,420820,-7448941,1809
2013,420890,-4584005,1609
2013,420910,-8872302,5895
2013,420930,335239,1559
2013,421660,1884440,5173
2013,430210,170423,1940
2013,430310,-618751,690
2013,430460,-2244177,1774
2013,430510,-11652212,2847
2013,430920,2414796,4232
2013,430930,1428062,1864
2013,431340,-1382636,1713
2013,431410,-646511,2049
2013,431440,1103165,2230
2013,431490,-11517654,12685
2013,431560,-8654142,483
2013,431680,-2221642,845
2013,431690,381637,2512
2013,431870,-2531333,162
2013,432200,-549526,134
2013,500270,-1391529,4119
2013,500370,1324560,566
2013,500830,11639284,6372
2013,510340,-2984906,2616
2013,510760,-1504119,1491
2013,510840,-1065087,367
2013,520110,740276,3843
2013,520140,-4774488,2296
2013,520510,274915,990
2013,520870,-14296139,10822
2013,521880,-1820266,1330
2013,530010,-16405943,5423
2014,110020,-18770152,-5979
2014,120040,-1646848,-426
2014,130260,-43867993,-12296
2014,140010,-287773,1029
2014,150080,-1087561,1669
2014,150140,-12258672,-2383
2014,150420,-8985785,-4136
2014,150553,-6404066,-855
2014,150810,-719352,-304
2014,160030,-2939509,-528
2014,172100,-892518,1818
2014,210530,-4803270,-825
2014,211130,-19004619,-3591
2014,221100,-1099908,6230
2014,230370,4796405,4490
2014,230440,-3902185,21087
2014,230765,-2630197,-154
2014,240800,-3839212,1623
2014,240810,-6883512,1755
2014,250400,755101,2455
2014,250750,386332,6356
2014,260290,-18329525,-4887
2014,260410,-1226249,607
2014,260720,-64363252,-22827
2014,260790,-3048586,3580
2014,260960,1440106,4441
2014,261110,-665936,881
2014,261160,-29107558,-5077
2014,270430,-492584,4570
2014,280030,-1125454,3841
2014,290570,-10683575,120
2014,291080,-5398639,-914
2014,291920,-5220608,-1519
2014,292740,-33200567,-3668
2014,292920,-3723180,-786
2014,293070,-3531210,-742
2014,293330,-866338,139
2014,310400,-979143,99
2014,310620,-93824287,-10127
2014,310670,-16873216,-3295
2014,311860,-24547371,-7552
2014,312230,-3375436,242
2014,312510,68420,844
2014,312770,-1549249,629
2014,313130,-2872187,1222
2014,313170,-5169660,-2339
2014,313670,-2593795,-434
2014,314330,713326,1918
2014,314480,-4904928,-638
2014,314610,-765219,-30
2014,315180,-2505647,158
2014,315250,-1684580,-293
2014,316720,-3774314,-559
2014,317010,-2513430,2046
2014,317020,-7333772,3286
2014,317070,-864508,801
2014,320060,-123585,2301
2014,320120,-2051924,-298
2014,320130,-644322,1715
2014,320320,-1366647,137
2014,320430,24623,20
2014,320500,-5473126,2369
2014,320520,-3968692,1325
2014,320530,-13225125,-2085
2014,330010,-1410715,637
2014,330040,-1564053,-403
2014,330045,-321417,808
2014,330070,567045,913
2014,330100,-3358090,353
2014,330170,-151982,5553
2014,330200,-1692500,912
2014,330240,-19712201,-165
2014,330270,340961,441
2014,330330,-8810780,1843
2014,330340,-2046904,84
2014,330350,449662,1988
2014,330390,-2312619,800
2014,330415,224714,69
2014,330420,-2151986,-425
2014,330452,966972,1524
2014,330455,-109380522,16692
2014,330490,-327888,1454
2014,330500,-1690695,-383
2014,330510,-329326,1319
2014,330580,-461437,645
2014,330630,-4662577,-1034
2014,350160,-3821853,-388
2014,350280,-1148969,603
2014,350320,-4053768,937
2014,350330,-2287779,-123
2014,350410,-2117669,-357
2014,350570,-5851645,4825
2014,350600,-2550372,1351
2014,350760,-1791438,-27
2014,350920,-3722545,-745
2014,350950,-36195634,-3094
2014,351060,-1417688,-209
2014,351300,-4444630,92
2014,351350,-8743893,-1927
2014,351380,-15670334,-4829
2014,351500,-2467881,-319
2014,351620,-4061340,-1796
2014,351840,-76339,406
2014,351870,-1984888,-53
2014,351880,-20826360,3986
2014,351907,-3962471,374
2014,352050,-6131173,-1134
2014,352250,103567,1130
2014,352310,-4309964,-1596
2014,352340,-1569521,67
2014,352390,-5196378,-1259
2014,352440,-599123,159
2014,352470,1425833,1864
2014,352590,-21550618,-1964
2014,352690,-7916109,-1059
2014,352730,-3074493,-595
2014,352900,-2181966,1320
2014,352940,-7750414,-1800
2014,353060,-4849183,565
2014,353070,-1886577,251
2014,353080,-1816368,-373
2014,353440,-7054895,2745
2014,353650,-4323252,-493
2014,353800,-3220100,-826
2014,353870,-11765546,-2071
2014,353980,-2802632,109
2014,354100,-1420760,-143
2014,354140,-2684355,-77
2014,354340,-9463668,914
2014,354390,-3859243,-813
2014,354520,-1422793,323
2014,354580,-1362772,312
2014,354730,-3993121,201
2014,354780,-9620434,-72
2014,354850,-9304609,-2419
2014,354870,-44606526,-7628
2014,354880,-7715366,805
2014,354890,-2529667,-144
2014,354980,-2701311,2647
2014,354990,-13968296,-2998
2014,355030,-272681476,27055
2014,355070,358308,222
2014,355100,-2284908,-478
2014,355170,-8310680,-2215
2014,355220,-15621804,-145
2014,355240,-7134557,-187
2014,355250,-1735939,697
2014,355280,-4004759,606
2014,355410,-10117222,-2014
2014,355620,-4183935,-183
2014,355670,-2696845,561
2014,410180,-737796,290
2014,410480,-1657974,4140
2014,410690,-55878192,5081
2014,410830,-3993033,373
2014,410940,-924342,431
2014,411370,-6739578,569
2014,411520,-5221811,1861
2014,411820,-2633659,-433
2014,411915,-2391282,425
2014,411990,297096,2195
2014,412550,-16587545,-4765
2014,412770,-561220,1019
2014,420240,-13639643,481
2014,420290,-2364555,807
2014,420420,-354028,2850
2014,420460,-2344776,942
2014,420540,-13696757,3495
2014,420820,388016,4332
2014,420890,-7065659,260
2014,420910,-13757099,4642
2014,420930,-1019380,917
2014,421660,-903805,3743
2014,430210,-2324678,691
2014,430310,-2341676,244
2014,430460,-12725435,-3785
2014,430510,-22423436,-3680
2014,430920,-4675895,-1386
2014,430930,3200919,2688
2014,431340,-5748546,-1165
2014,431410,-2410429,606
2014,431440,-451628,741
2014,431490,-31564434,5510
2014,431560,-2494151,901
2014,431680,-2476026,1130
2014,431690,-2630746,172
2014,431870,-2682688,180
2014,432200,-2088609,-578
2014,500270,-7039351,597
2014,500370,1001877,1163
2014,500830,-18906751,-7619
2014,510340,-7518134,-647
2014,510760,-4187144,603
2014,510840,-5655119,-2282
2014,520110,-5093245,1056
2014,520140,-9712708,-3009
2014,520510,-845186,241
2014,520870,-28052294,1590
2014,521880,-2516115,330
2014,530010,-28512187,1593
2015,110020,-27169565,-12122
2015,120040,-4688760,-2431
2015,130260,-77369751,-39361
2015,140010,-2285584,-1062
2015,150080,-4689311,-1993
2015,150140,-24850336,-11797
2015,150420,-5773560,-2649
2015,150553,-9558206,-3602
2015,150810,-578927,-351
2015,160030,-5999233,-3704
2015,172100,-5224782,-2117
2015,210530,-6958409,-4031
2015,211130,-29258335,-11298
2015,221100,-11586544,-3810
2015,230370,-3963458,-740
2015,230440,-53739415,-22587
2015,230765,-5616650,-2578
2015,240800,-5450344,-1828
2015,240810,-16768322,-8308
2015,250400,-4965344,-3731
2015,250750,-15654920,-8206
2015,260290,-8499426,-2932
2015,260410,-7164369,-3666
2015,260720,-49233260,-16706
2015,260790,-11957845,-6481
2015,260960,-10107613,-7071
2015,261110,-2441852,-808
2015,261160,-67637516,-37225
2015,270430,-10362472,-3208
2015,280030,-10124194,-4829
2015,290570,-11711795,-3589
2015,291080,-11033506,-6595
2015,291920,-13640274,-8256
2015,292740,-82747806,-34285
2015,292920,-2569593,-19
2015,293070,-4741988,-1606
2015,293330,-3581073,-2121
2015,310400,-1805176,185
2015,310620,-183925127,-68065
2015,310670,-52540834,-10154
2015,311860,-30649298,-12125
2015,312230,-4433066,-1510
2015,312510,-2138629,-1096
2015,312770,-4685217,-2792
2015,313130,-15425295,-6945
2015,313170,-14080408,-7212
2015,313670,-7256274,-3720
2015,314330,-4691884,-2357
2015,314480,-11250193,-2364
2015,314610,-3336771,-1063
2015,315180,-3938807,-1040
2015,315250,-5313073,-2514
2015,316720,-11355449,-4312
2015,317010,-10148972,-4453
2015,317020,-18181870,-3759
2015,317070,-3259400,-1009
2015,320060,-7201516,-2085
2015,320120,-3780419,-2350
2015,320130,-6316459,-3454
2015,320320,-3780753,-2029
2015,320430,-10322,-5
2015,320500,-24927281,-10152
2015,320520,-13791253,-7088
2015,320530,-25739995,-9432
2015,330010,-15152160,-4531
2015,330040,-1967193,-1773
2015,330045,-1837469,-884
2015,330070,-977542,-852
2015,330100,-9685850,-4898
2015,330170,-17098761,-8147
2015,330200,-11278769,-4271
2015,330240,-59110868,-11349
2015,330270,-400145,-287
2015,330330,-28133349,-8891
2015,330340,-3169442,-1643
2015,330350,-4632857,-2632
2015,330390,-4323128,-2010
2015,330415,-139039,-73
2015,330420,-5683845,-2088
2015,330452,-5058359,-1944
2015,330455,-328817091,-80284
2015,330490,-10808078,-4646
2015,330500,-2005481,-568
2015,330510,-6462858,-3562
2015,330580,-1816070,-783
2015,330630,-8676062,-3836
2015,350160,-11642052,-4834
2015,350280,-4014090,-1566
2015,350320,-7155302,-2300
2015,350330,-4774253,-1626
2015,350410,-5316187,-1529
2015,350570,-55979938,-9726
2015,350600,-14333669,-5464
2015,350760,-2762562,-651
2015,350920,-5274395,-1290
2015,350950,-59709349,-16281
2015,351060,-2824053,-793
2015,351300,-11817998,-3316
2015,351350,-10018496,-3563
2015,351380,-24590419,-9102
2015,351500,-6987806,-2974
2015,351620,-8822285,-4385
2015,351840,-1624924,-420
2015,351870,-1917910,-416
2015,351880,-62054278,-21117
2015,351907,-7964269,-1463
2015,352050,-10934983,-2067
2015,352250,-2613513,-1870
2015,352310,-5459635,-2834
2015,352340,-6395826,-2009
2015,352390,-9545477,-3070
2015,352440,-4587603,-1211
2015,352470,-428542,284
2015,352590,-38207044,-11143
2015,352690,-14901570,-5998
2015,352730,-7226530,-1097
2015,352900,-5808233,-1649
2015,352940,-10486766,-3519
2015,353060,-9209789,-3152
2015,353070,-3562430,-1038
2015,353080,-3679104,-1600
2015,353440,-30322370,-10569
2015,353650,-5750174,-548
2015,353800,-7478154,-2352
2015,353870,-18709513,-5964
2015,353980,-3461738,-765
2015,354100,-1934022,-971
2015,354140,-3575538,-1041
2015,354340,-19423630,-6572
2015,354390,-7937877,-3024
2015,354520,-3973613,-1297
2015,354580,-6048830,-2137
2015,354730,-9211129,-3476
2015,354780,-19861823,-6309
2015,354850,-21054351,-9112
2015,354870,-72725427,-18889
2015,354880,-17384001,-4589
2015,354890,-10219275,-2460
2015,354980,-12463353,-2898
2015,354990,-26965023,-10435
2015,355030,-675848169,-137214
2015,355070,-40695,29
2015,355100,-3506546,-1788
2015,355170,-11895567,-3628
2015,355220,-35881033,-12504
2015,355240,-14429097,-2326
2015,355250,-4813697,-1075
2015,355280,-4707806,-1090
2015,355410,-16954839,-6542
2015,355620,-6319785,-1320
2015,355670,-6611614,-2706
2015,410180,-3773864,203
2015,410480,-9245180,-1629
2015,410690,-127216369,-31839
2015,410830,-3922600,-1056
2015,410940,-1598350,-211
2015,411370,-14500609,-3123
2015,411520,-14455979,-3515
2015,411820,-3449985,-571
2015,411915,-6386065,-2343
2015,411990,-7006093,-2742
2015,412550,-21864246,-6588
2015,412770,-4078576,-1449
2015,420240,-24859613,-5338
2015,420290,-8382268,-3024
2015,420420,-9020796,-2644
2015,420460,-6311850,-1812
2015,420540,-31797496,-2631
2015,420820,-16522901,-2367
2015,420890,-13558940,-3246
2015,420910,-41886029,-10258
2015,420930,-3407705,-990
2015,421660,-11547820,-3932
2015,430210,-6801430,-1898
2015,430310,-6065838,-2354
2015,430460,-11075737,-4451
2015,430510,-43574563,-14080
2015,430920,-8440226,-3804
2015,430930,-9412162,-3204
2015,431340,-8785240,-3477
2015,431410,-5229288,-1240
2015,431440,-4923144,-2853
2015,431490,-71931645,-19550
2015,431560,-14514888,-3578
2015,431680,-5151383,-1674
2015,431690,-4010764,-1304
2015,431870,-8218329,-3018
2015,432200,-1234076,-13
2015,500270,-19599370,-8551
2015,500370,-2165163,-1151
2015,500830,-4643053,-1634
2015,510340,-23267084,-8052
2015,510760,-8089485,-2126
2015,510840,-4107215,-1503
2015,520110,-6081834,-1832
2015,520140,-15620242,-8008
2015,520510,-3926633,-1376
2015,520870,-45943222,-12998
2015,521880,-4991373,-1789
2015,530010,-43839503,-19954
2016,110020,-22518242,-9727
2016,120040,-4166604,-1953
2016,130260,-50096900,-19019
2016,140010,-1574798,-791
2016,150080,-3439377,-1668
2016,150140,-22031127,-9808
2016,150420,-5858567,-2695
2016,150553,-5550520,-1972
2016,150810,-225739,-176
2016,160030,-4840597,-2280
2016,172100,-6563967,-2582
2016,210530,-2566915,-523
2016,211130,-24196475,-9593
2016,221100,-14477475,-9234
2016,230370,-12271977,-3977
2016,230440,-51861883,-17360
2016,230765,-5251561,-2037
2016,240800,-6751069,-3070
2016,240810,-18581220,-10237
2016,250400,-3988594,-1981
2016,250750,-15271771,-8410
2016,260290,-5595642,-2602
2016,260410,-6217760,-3256
2016,260720,-3021547,58
2016,260790,-10220034,-3270
2016,260960,-5954680,-3677
2016,261110,-3540127,-1451
2016,261160,-63909636,-26178
2016,270430,-18680820,-7147
2016,280030,-15969000,-8066
2016,290570,-13795898,-4494
2016,291080,-11481428,-6002
2016,291920,-13798650,-9968
2016,292740,-74106850,-28181
2016,292920,-985895,-387
2016,293070,-6324577,-1947
2016,293330,-2531706,-1311
2016,310400,-2849501,329
2016,310620,-140793636,-41243
2016,310670,-74741518,-8457
2016,311860,-30450013,-10582
2016,312230,-4431149,-1012
2016,312510,-1458103,223
2016,312770,-4766927,-2574
2016,313130,-7241707,-2870
2016,313170,-5977933,-2630
2016,313670,-7305506,-3750
2016,314330,-3306418,-1910
2016,314480,-9598951,-1290
2016,314610,-1097365,-142
2016,315180,-3936860,-839
2016,315250,-3654321,-1655
2016,316720,-14836563,-2789
2016,317010,-7909168,-2765
2016,317020,-17827345,-2761
2016,317070,-1994720,-305
2016,320060,-4586786,-472
2016,320120,-5643713,-2653
2016,320130,-4760147,-2332
2016,320320,-4343436,-2043
2016,320430,-54242,-38
2016,320500,-22361545,-7677
2016,320520,-10270379,-4369
2016,320530,-24454831,-7987
2016,330010,-12863796,-4610
2016,330040,-2901940,-1686
2016,330045,-2454315,-1012
2016,330070,-1420278,-711
2016,330100,-12459894,-5532
2016,330170,-36356880,-14077
2016,330200,-4228102,-1697
2016,330240,-57881834,-12294
2016,330270,-700628,-373
2016,330330,-34895890,-12000
2016,330340,-2439616,-1267
2016,330350,-5603223,-2601
2016,330390,-4844096,-1887
2016,330415,-212274,-104
2016,330420,-5192082,-1442
2016,330452,-9669657,-2085
2016,330455,-493603428,-142480
2016,330490,-10645825,-5075
2016,330500,-3727224,-1436
2016,330510,-7764080,-4739
2016,330580,-3133255,-1672
2016,330630,-9436189,-3699
2016,350160,-10072788,-3718
2016,350280,-4337468,-1373
2016,350320,-4253544,-1054
2016,350330,-4069294,-1197
2016,350410,-2670494,-98
2016,350570,-57891238,-10330
2016,350600,-11231169,-3506
2016,350760,-1070744,878
2016,350920,-7368678,-3064
2016,350950,-55987218,-14837
2016,351060,-3840392,-1151
2016,351300,-13962794,-4536
2016,351350,-17956346,-6599
2016,351380,-17875805,-5177
2016,351500,-2360162,58
2016,351620,-4911874,-660
2016,351840,-2737712,-551
2016,351870,-5634206,-2207
2016,351880,-50274426,-12156
2016,351907,-9899163,-1142
2016,352050,-10820951,-1838
2016,352250,-7480446,-3448
2016,352310,-3595597,-1732
2016,352340,-6412859,-2333
2016,352390,-6711477,-840
2016,352440,-3797269,-439
2016,352470,-3489457,-604
2016,352590,-29325205,-6076
2016,352690,-8461472,-2062
2016,352730,-6770789,-1036
2016,352900,-3577465,381
2016,352940,-8348058,-1029
2016,353060,-10090533,-3418
2016,353070,-5935088,-2856
2016,353080,-2946197,-850
2016,353440,-27811109,-8152
2016,353650,-5351613,-763
2016,353800,-6393111,-1327
2016,353870,-14980271,-3464
2016,353980,-3557509,-835
2016,354100,-2032530,-476
2016,354140,-4639488,-1349
2016,354340,-17094291,-3650
2016,354390,-4964557,-1194
2016,354520,-3019840,-789
2016,354580,-5208973,-985
2016,354730,-11900097,-3145
2016,354780,-20635425,-5846
2016,354850,-20715278,-8275
2016,354870,-71426240,-15389
2016,354880,-13820961,-2755
2016,354890,-9563899,-2481
2016,354980,-17044435,-4639
2016,354990,-37804721,-9223
2016,355030,-750027638,-135093
2016,355070,-367986,19
2016,355100,-3380441,-1853
2016,355170,-4382530,-487
2016,355220,-32112683,-8609
2016,355240,-11198168,-2072
2016,355250,-4301572,-603
2016,355280,-5683103,-2378
2016,355410,-9943860,-3654
2016,355620,-4882379,-559
2016,355670,-5125435,-752
2016,410180,-8573533,-631
2016,410480,-12454129,-3350
2016,410690,-121451759,-21015
2016,410830,-2160572,371
2016,410940,-3669984,-1265
2016,411370,-16773643,-4071
2016,411520,-15057962,-3508
2016,411820,-1926874,-16
2016,411915,-6969964,-1953
2016,411990,-3614482,-437
2016,412550,-13718880,-2195
2016,412770,-1705967,532
2016,420240,-19340340,-1516
2016,420290,-4697079,-507
2016,420420,-9821355,-1150
2016,420460,-6706076,-1553
2016,420540,-35067281,-4978
2016,420820,-18538617,-2685
2016,420890,-15282943,-3953
2016,420910,-32827867,-2990
2016,420930,-2794203,-846
2016,421660,-10328311,-2021
2016,430210,-6534983,-1621
2016,430310,-5211683,-1423
2016,430460,-8153183,-1182
2016,430510,-29515761,-6897
2016,430920,-8455929,-3133
2016,430930,-456484,-64
2016,431340,-5561273,-1022
2016,431410,-5916863,-749
2016,431440,-4361219,-1721
2016,431490,-67050748,-16819
2016,431560,-19684673,-5009
2016,431680,-3606317,-485
2016,431690,-2937018,-397
2016,431870,-5033344,-441
2016,432200,-1756517,-144
2016,500270,-16810246,-5732
2016,500370,-2981615,-849
2016,500830,6183923,3506
2016,510340,-22602073,-7957
2016,510760,-8601361,-2011
2016,510840,-6717661,-3262
2016,520110,-7708369,-3226
2016,520140,-9740112,-2082
2016,520510,-2815522,-828
2016,520870,-56324897,-14029
2016,521880,-5145756,-1583
2016,530010,-88511726,-28527
2017,110020,-6597211,-1333
2017,120040,-2775367,-1166
2017,130260,-23913735,-1365
2017,140010,1089118,1729
2017,150080,-1127914,882
2017,150140,-14382325,-3069
2017,150420,787350,1770
2017,150553,-4198321,-676
2017,150810,-609931,-297
2017,160030,-2489786,-1062
2017,172100,-3096163,-675
2017,210530,-2117973,-279
2017,211130,-9446632,619
2017,221100,-8261297,83
2017,230370,-452285,485
2017,230440,-35642982,-5765
2017,230765,-1143089,161
2017,240800,-2311743,-547
2017,240810,-9990599,-1107
2017,250400,-3214703,-1181
2017,250750,-7273271,-1807
2017,260290,-3684805,-261
2017,260410,-2677516,-311
2017,260720,-3591026,-547
2017,260790,-8277223,-1507
2017,260960,-2562499,-424
2017,261110,-2744950,-1365
2017,261160,-35130117,-8218
2017,270430,-11000302,-3174
2017,280030,-10594729,-2253
2017,290570,-7386585,59
2017,291080,-2083502,389
2017,291920,-5446471,-1873
2017,292740,-43309134,-5949
2017,292920,-1569652,-344
2017,293070,-4544482,-504
2017,293330,-1759306,-685
2017,310400,-3892624,-675
2017,310620,-71625682,-5211
2017,310670,-61466269,-1625
2017,311860,-19910846,-35
2017,312230,-3433245,-23
2017,312510,306419,805
2017,312770,-2771673,-848
2017,313130,-3635083,-83
2017,313170,-1823850,-560
2017,313670,-2358400,-951
2017,314330,-1948289,-233
2017,314480,-7392108,-253
2017,314610,-2212164,-745
2017,315180,-2483658,172
2017,315250,-921584,689
2017,316720,-5506268,965
2017,317010,-4871651,-364
2017,317020,-13870113,2361
2017,317070,-421295,752
2017,320060,-5270551,1061
2017,320120,-4668641,-1052
2017,320130,-2301774,106
2017,320320,-1555024,260
2017,320430,73818,88
2017,320500,-15218917,-2450
2017,320520,-5396239,-669
2017,320530,-14500264,-728
2017,330010,-5005224,-1300
2017,330040,-1439392,-680
2017,330045,-2012435,-843
2017,330070,-1171391,-550
2017,330100,-8098299,-3071
2017,330170,-21619249,-8534
2017,330200,879636,546
2017,330240,-40855455,-8941
2017,330270,63359,298
2017,330330,-16833684,-4972
2017,330340,-1402386,349
2017,330350,-6717343,-3631
2017,330390,-4129126,-1531
2017,330415,-247917,-103
2017,330420,704971,1306
2017,330452,-8800319,-409
2017,330455,-295077142,-59549
2017,330490,-11371318,-3450
2017,330500,-258463,233
2017,330510,-2478180,-1051
2017,330580,-589206,44
2017,330630,-3498200,-619
2017,350160,-6733632,-612
2017,350280,-3971676,-828
2017,350320,-4476831,-979
2017,350330,-1775501,292
2017,350410,-2481325,-545
2017,350570,-40802311,-1697
2017,350600,-7602187,-598
2017,350760,-1983188,51
2017,350920,-6345367,-1818
2017,350950,-37436593,-2379
2017,351060,-1560871,-59
2017,351300,-6070542,-191
2017,351350,-7030001,-1292
2017,351380,-10826948,-1881
2017,351500,-2804576,119
2017,351620,-3696120,-294
2017,351840,-1477989,-273
2017,351870,-5731823,-1702
2017,351880,-26993782,-1638
2017,351907,-8711519,-566
2017,352050,-7355446,-848
2017,352250,-5546504,-1917
2017,352310,1233907,1862
2017,352340,-1945711,454
2017,352390,-4972160,-129
2017,352440,-3308811,-696
2017,352470,-2438457,540
2017,352590,-28268730,-1839
2017,352690,-4582642,670
2017,352730,-2107543,-226
2017,352900,-1952029,1424
2017,352940,-8591119,-89
2017,353060,-6110139,235
2017,353070,-1459302,1245
2017,353080,-1522836,69
2017,353440,-32210028,-4713
2017,353650,-5774098,-1292
2017,353800,-1826651,-251
2017,353870,-10540163,-226
2017,353980,-2021037,-1161
2017,354100,-2650265,-878
2017,354140,-4164577,-656
2017,354340,-13025231,473
2017,354390,-1737509,1296
2017,354520,-2853326,-343
2017,354580,-2456044,26
2017,354730,-5028005,-866
2017,354780,-13696211,897
2017,354850,-14634821,-2614
2017,354870,-36168836,-2035
2017,354880,-7737593,90
2017,354890,-3411482,237
2017,354980,-6746178,1896
2017,354990,-19705329,-2187
2017,355030,-498472575,-19182
2017,355070,-628149,-147
2017,355100,-2755874,-1167
2017,355170,-5685044,-841
2017,355220,-23381033,-703
2017,355240,-4403289,155
2017,355250,-365902,1269
2017,355280,-2271661,243
2017,355410,-8229904,-551
2017,355620,-1958193,712
2017,355670,-2526289,-84
2017,410180,-4277215,-529
2017,410480,-6096039,820
2017,410690,-108504865,-9266
2017,410830,-1907567,375
2017,410940,-2122621,-68
2017,411370,-13893895,-2099
2017,411520,-12927121,394
2017,411820,-2543085,-12
2017,411915,-6290982,-515
2017,411990,-3961755,717
2017,412550,-7733127,843
2017,412770,-1242031,672
2017,420240,-16213705,1128
2017,420290,-2378431,1091
2017,420420,-4167175,1552
2017,420460,-5976103,-292
2017,420540,-45552143,-3831
2017,420820,-18104304,883
2017,420890,-7328737,408
2017,420910,-21861163,5467
2017,420930,-2922861,127
2017,421660,-3600682,2341
2017,430210,-4491246,-339
2017,430310,-4820940,-458
2017,430460,-7107605,-280
2017,430510,-19985411,-615
2017,430920,-145658,1854
2017,430930,-467196,177
2017,431340,-5704729,-897
2017,431410,-3705574,926
2017,431440,-4104761,-812
2017,431490,-67357109,-10967
2017,431560,-9032370,-2079
2017,431680,-2683437,26
2017,431690,-2479501,752
2017,431870,-5774392,1072
2017,432200,237690,532
2017,500270,-16757301,-3500
2017,500370,-988982,477
2017,500830,-14487581,-3706
2017,510340,-11599419,70
2017,510760,-3661584,1097
2017,510840,-539886,1146
2017,520110,-3071493,1172
2017,520140,-658034,3801
2017,520510,-784666,374
2017,520870,-43925675,1115
2017,521880,-2100066,1038
2017,530010,-55555000,-3394
2018,110020,-5237477,-775
2018,120040,-2761100,-768
2018,130260,-14245443,2687
2018,140010,-1062484,333
2018,150080,-1196066,639
2018,150140,-13487299,-915
2018,150420,-3903793,-983
2018,150553,1883238,2899
2018,150810,-861267,-444
2018,160030,-1103545,1319
2018,172100,-2531156,-272
2018,210530,-418783,905
2018,211130,-1732441,4225
2018,221100,-6665144,-630
2018,230370,-1016801,472
2018,230440,-8362088,5667
2018,230765,-145319,1591
2018,240800,-8982,744
2018,240810,-6234887,1658
2018,250400,-1400775,521
2018,250750,-4583318,1736
2018,260290,-2219947,-260
2018,260410,-1002103,433
2018,260720,-9520741,-3197
2018,260790,-7623068,-3072
2018,260960,174256,1411
2018,261110,-236958,359
2018,261160,-33874469,-6259
2018,270430,-7582440,-845
2018,280030,-7063024,-1694
2018,290570,-7865120,265
2018,291080,-1962167,1089
2018,291920,-4272615,122
2018,292740,-19554140,3890
2018,292920,690241,347
2018,293070,-1607671,752
2018,293330,928655,1630
2018,310400,-3791812,-921
2018,310620,-5404525,26654
2018,310670,-10737049,1940
2018,311860,-8818014,1628
2018,312230,-1579996,797
2018,312510,2139276,1526
2018,312770,-2416760,-916
2018,313130,1842052,2268
2018,313170,-235851,493
2018,313670,3004221,1758
2018,314330,-295295,927
2018,314480,238982,2773
2018,314610,-912973,-385
2018,315180,-2691552,-24
2018,315250,607645,1490
2018,316720,-692884,1632
2018,317010,-2944841,850
2018,317020,-11641181,743
2018,317070,-2550655,-83
2018,320060,-4070258,1069
2018,320120,-3534938,-621
2018,320130,469112,2019
2018,320320,-1008614,1288
2018,320430,-4299,15
2018,320500,-6760577,4554
2018,320520,-2006074,1248
2018,320530,-8132218,1178
2018,330010,-6449783,-1749
2018,330040,39289,563
2018,330045,-1501774,-334
2018,330070,-464209,20
2018,330100,-2569400,-236
2018,330170,-16337663,-3957
2018,330200,-1441568,315
2018,330240,-12949146,-205
2018,330270,796480,759
2018,330330,-13119452,-1877
2018,330340,-23936,990
2018,330350,-551231,792
2018,330390,-1725036,251
2018,330415,24931,47
2018,330420,-1546370,339
2018,330452,-5093939,-429
2018,330455,-141304325,-3733
2018,330490,-3798125,-1670
2018,330500,3554005,1698
2018,330510,-999320,-113
2018,330580,56540,720
2018,330630,1316853,2253
2018,350160,-5853926,231
2018,350280,-3520562,-824
2018,350320,-2662000,296
2018,350330,-1898857,-117
2018,350410,-626729,565
2018,350570,-15147502,4118
2018,350600,-1575911,2439
2018,350760,-745089,1002
2018,350920,-5235893,-210
2018,350950,-21513064,4056
2018,351060,-1194282,200
2018,351300,-4331252,-269
2018,351350,-3240218,483
2018,351380,-5531001,754
2018,351500,-2895735,417
2018,351620,-4130835,-245
2018,351840,-810690,396
2018,351870,-3521699,-510
2018,351880,-16426980,3153
2018,351907,-5853216,-73
2018,352050,-1456876,1991
2018,352250,13747,537
2018,352310,-601753,858
2018,352340,-1794798,403
2018,352390,-1734565,963
2018,352440,-100547,955
2018,352470,-3453181,-1110
2018,352590,-18718028,2196
2018,352690,-2152403,1271
2018,352730,-3106583,400
2018,352900,-1412552,1903
2018,352940,-4233619,673
2018,353060,-2151942,1652
2018,353070,-3573681,-582
2018,353080,-151782,367
2018,353440,-9201938,872
2018,353650,-3478746,-404
2018,353800,-288081,482
2018,353870,-5551366,601
2018,353980,-1731640,-524
2018,354100,-911613,568
2018,354140,-3558051,-429
2018,354340,-910975,6704
2018,354390,-2334352,598
2018,354520,-353546,1168
2018,354580,-2522536,10
2018,354730,-1236973,788
2018,354780,-20812725,343
2018,354850,-4759069,1675
2018,354870,-21924153,2965
2018,354880,-3630460,3434
2018,354890,-2500241,465
2018,354980,-5067170,1590
2018,354990,-16180223,305
2018,355030,-271828803,46701
2018,355070,-1341418,-414
2018,355100,-1026752,-224
2018,355170,-1603918,519
2018,355220,-14194876,2323
2018,355240,-4707508,-463
2018,355250,683472,2421
2018,355280,3971054,4272
2018,355410,-6024752,-29
2018,355620,-246408,1030
2018,355670,-3609735,1085
2018,410180,-5358763,-290
2018,410480,-4028288,2067
2018,410690,-52635616,12685
2018,410830,-1415851,2551
2018,410940,-1192062,954
2018,411370,-12772747,-938
2018,411520,-6977043,2964
2018,411820,-612149,1298
2018,411915,-5769257,-438
2018,411990,-1030723,1780
2018,412550,-2878179,2827
2018,412770,-3574710,53
2018,420240,-18101469,909
2018,420290,-1700825,1232
2018,420420,-3732100,1598
2018,420460,-2814073,968
2018,420540,-19055237,2393
2018,420820,-19652428,768
2018,420890,-7512188,459
2018,420910,-18966710,8987
2018,420930,-3116858,20
2018,421660,-5775016,469
2018,430210,-3088108,603
2018,430310,-3614188,-806
2018,430460,-7973750,-1276
2018,430510,-7090987,4921
2018,430920,-2416687,411
2018,430930,-1191950,1
2018,431340,-7665198,-1882
2018,431410,-2621045,983
2018,431440,-2277113,558
2018,431490,-45330496,523
2018,431560,77032,1729
2018,431680,-2407904,962
2018,431690,-2567986,135
2018,431870,-3491563,1795
2018,432200,-150584,239
2018,500270,-6927336,1875
2018,500370,-31504587,-8564
2018,500830,-3302889,-494
2018,510340,-7344247,2980
2018,510760,-2572529,1539
2018,510840,-1237932,283
2018,520110,-2475109,1544
2018,520140,-3918290,1123
2018,520510,-823423,523
2018,520870,-26343070,5102
2018,521880,-2089987,989
2018,530010,4401789,13428
